-- MySQL Script generated by MySQL Workbench
-- Thu Dec 20 01:46:52 2018
-- Model: New Model    Version: 1.0
-- MySQL Workbench Forward Engineering

SET @OLD_UNIQUE_CHECKS=@@UNIQUE_CHECKS, UNIQUE_CHECKS=0;
SET @OLD_FOREIGN_KEY_CHECKS=@@FOREIGN_KEY_CHECKS, FOREIGN_KEY_CHECKS=0;
SET @OLD_SQL_MODE=@@SQL_MODE, SQL_MODE='ONLY_FULL_GROUP_BY,STRICT_TRANS_TABLES,NO_ZERO_IN_DATE,NO_ZERO_DATE,ERROR_FOR_DIVISION_BY_ZERO,NO_ENGINE_SUBSTITUTION';

-- -----------------------------------------------------
-- Schema mydb
-- -----------------------------------------------------

-- -----------------------------------------------------
-- Schema mydb
-- -----------------------------------------------------
CREATE SCHEMA IF NOT EXISTS `mydb` DEFAULT CHARACTER SET utf8 ;
USE `mydb` ;

-- -----------------------------------------------------
-- Table `mydb`.`Proyecto`
-- -----------------------------------------------------
CREATE TABLE IF NOT EXISTS Proyecto (
  Nombre VARCHAR(45) NOT NULL,
  Codigo INT NOT NULL,
  PRIMARY KEY ( Codigo));


-- -----------------------------------------------------
-- Table `mydb`.`Jefe`
-- -----------------------------------------------------
CREATE TABLE IF NOT EXISTS Jefe (
  Telefono INT NULL,
  Direccion VARCHAR(45) NULL,
  Nombre VARCHAR(45) NULL,
  DNI INT NOT NULL,
  CodigoProyecto INT NOT NULL,
  PRIMARY KEY (CodigoProyecto, DNI),
  CONSTRAINT fk_proyecto
    FOREIGN KEY (CodigoProyecto)
    REFERENCES Proyecto (Codigo)
    ON DELETE NO ACTION
    ON UPDATE NO ACTION);


-- -----------------------------------------------------
-- Table `mydb`.`Planos`
-- -----------------------------------------------------
CREATE TABLE IF NOT EXISTS Planos (
  Fechainicio DATE NULL,
  ID INT NOT NULL,
  CodigoProyecto INT NOT NULL,
  PRIMARY KEY (ID, CodigoProyecto),
  CONSTRAINT fk_proyecto
    FOREIGN KEY (CodigoProyecto)
    REFERENCES Proyecto (Codigo)
    ON DELETE NO ACTION
    ON UPDATE NO ACTION);

CREATE INDEX fk_proyecto_idx ON PLANOS(`CodigoProyecto` ASC);
-- -----------------------------------------------------
-- Table `mydb`.`Arquictetos`
-- -----------------------------------------------------
CREATE TABLE IF NOT EXISTS Arquictetos (
  DNI INT NOT NULL,
  ID_plano INT NULL,
  Codigo_Proyecto INT NOT NULL,
  PRIMARY KEY (DNI),
  CONSTRAINT fk_plano
    FOREIGN KEY (ID_plano,Codigo_Proyecto)
    REFERENCES Planos (ID,CodigoProyecto)
    ON DELETE NO ACTION
    ON UPDATE NO ACTION);

CREATE INDEX fk_plano_idx ON Arquictetos(ID_plano,Codigo_Proyecto ASC);
-- -----------------------------------------------------
-- Table `mydb`.`Figuras`
-- -----------------------------------------------------
CREATE TABLE IF NOT EXISTS Figuras(
  nombre VARCHAR(45) NULL,
  Color VARCHAR(45) NULL,
  Perimetro INT NULL,
  Area INT NULL,
  ID INT NOT NULL,
  PRIMARY KEY (ID));


-- -----------------------------------------------------
-- Table `mydb`.`Lineas`
-- -----------------------------------------------------
CREATE TABLE IF NOT EXISTS Lineas (
  ID INT NOT NULL,
  Origen INT NULL,
  Final INT NULL,
  Longitud INT NULL,
  PRIMARY KEY (ID));


-- -----------------------------------------------------
-- Table `mydb`.`Numero_lineas`
-- -----------------------------------------------------
CREATE TABLE IF NOT EXISTS Numero_lineas (
  id_Linea INT NULL,
  id_figura INT NULL,
  CONSTRAINT fk_figura
    FOREIGN KEY (id_figura)
    REFERENCES Figuras (ID)
    ON DELETE NO ACTION
    ON UPDATE NO ACTION,
  CONSTRAINT fk_linea
    FOREIGN KEY (id_Linea)
    REFERENCES Lineas (ID)
    ON DELETE NO ACTION
    ON UPDATE NO ACTION);

CREATE INDEX `fk_linea_idx` ON Numero_lineas(id_Linea ASC);
-- -----------------------------------------------------
-- Table `mydb`.`Numero_figuras`
-- -----------------------------------------------------
CREATE TABLE IF NOT EXISTS Numero_figuras (
  id_figura INT NULL,
  id_plano INT NULL,
  Codigo_P INT NULL,
  CONSTRAINT fk_plano
    FOREIGN KEY (id_plano,Codigo_P)
    REFERENCES Planos (ID,CodigoProyecto)
    ON DELETE NO ACTION
    ON UPDATE NO ACTION,
  CONSTRAINT fk_figura
    FOREIGN KEY (id_figura)
    REFERENCES Figuras (ID)
    ON DELETE NO ACTION
    ON UPDATE NO ACTION);

CREATE INDEX fk_figura_idx ON Numero_figuras(id_figura ASC); 

-- -----------------------------------------------------
-- Data for table `mydb`.`Proyecto`
-- -----------------------------------------------------

INSERT INTO Proyecto(Nombre,Codigo) VALUES ('Proyecto1', 1);
INSERT INTO Proyecto(Nombre,Codigo) VALUES ('Proyecto2', 2);
INSERT INTO Proyecto(Nombre,Codigo) VALUES ('Proyecto3', 3);



-- -----------------------------------------------------
-- Data for table `mydb`.`Jefe`
-- -----------------------------------------------------
INSERT INTO Jefe (Telefono, Direccion, Nombre, DNI, CodigoProyecto) VALUES (111111111, 'CaminoVerde', 'Juan', 1111, 1);
INSERT INTO Jefe (Telefono, Direccion, Nombre, DNI, CodigoProyecto) VALUES (222222222, 'CaminoAmarillo', 'Pepe', 2222, 2);
INSERT INTO Jefe (Telefono, Direccion, Nombre, DNI, CodigoProyecto) VALUES (333333333, 'CaminoAzul', 'Lucia', 3333, 3);




-- -----------------------------------------------------
-- Data for table `mydb`.`Planos`
-- -----------------------------------------------------
INSERT INTO Planos (Fechainicio, ID, CodigoProyecto) VALUES ('11-12-13', 1, 1);
INSERT INTO Planos (Fechainicio, ID, CodigoProyecto) VALUES ('12-11-14', 2, 2);
INSERT INTO Planos (Fechainicio, ID, CodigoProyecto) VALUES ('14-12-20', 3, 3);


-- -----------------------------------------------------
-- Data for table `mydb`.`Arquictetos`
-- -----------------------------------------------------
INSERT INTO `mydb`.`Arquictetos` (`DNI`, `ID_plano`) VALUES (4444, 1);
INSERT INTO `mydb`.`Arquictetos` (`DNI`, `ID_plano`) VALUES (5555, 2);



-- -----------------------------------------------------
-- Data for table `mydb`.`Figuras`
-- -----------------------------------------------------
INSERT INTO Figuras (nombre, Color, Perimetro, Area, ID) VALUES ('Circulo', 'Azul', 0, 0, 1);
INSERT INTO Figuras (nombre, Color, Perimetro, Area, ID) VALUES ('Cuadrado', 'Amarillo', 4, 4, 2);
INSERT INTO Figuras (nombre, Color, Perimetro, Area, ID) VALUES ('Rectangulo', 'Verde', 4, 1, 3);



-- -----------------------------------------------------
-- Data for table `mydb`.`Lineas`
-- -----------------------------------------------------
INSERT INTO Lineas (ID, Origen, Final, Longitud) VALUES (1, 0, 1, 1);
INSERT INTO Lineas (ID, Origen, Final, Longitud) VALUES (2, 1, 2, 1);
INSERT INTO Lineas (ID, Origen, Final, Longitud) VALUES (3, 2, 3, 1);
INSERT INTO Lineas (ID, Origen, Final, Longitud) VALUES (4, 3, 0, 1);
INSERT INTO Lineas (ID, Origen, Final, Longitud) VALUES (5, 1, 3, 2);
INSERT INTO Lineas (ID, Origen, Final, Longitud) VALUES (6, 3, 4, 1);
INSERT INTO Lineas (ID, Origen, Final, Longitud) VALUES (7, 4, 0, 2);



-- -----------------------------------------------------
-- Data for table `mydb`.`Numero_lineas`
-- -----------------------------------------------------
INSERT INTO Numero_lineas (id_Linea, id_figura) VALUES (1, 2);
INSERT INTO Numero_lineas (id_Linea, id_figura) VALUES (2, 2);
INSERT INTO Numero_lineas (id_Linea, id_figura) VALUES (3, 2);
INSERT INTO Numero_lineas (id_Linea, id_figura) VALUES (4, 2);
INSERT INTO Numero_lineas (id_Linea, id_figura) VALUES (1, 3);
INSERT INTO Numero_lineas (id_Linea, id_figura) VALUES (5, 3);
INSERT INTO Numero_lineas (id_Linea, id_figura) VALUES (6, 3);
INSERT INTO Numero_lineas (id_Linea, id_figura) VALUES (7, 3);




-- -----------------------------------------------------
-- Data for table `mydb`.`Numero_figuras`
-- -----------------------------------------------------
INSERT INTO Numero_figuras (id_figura, id_plano) VALUES (1, 1);
INSERT INTO Numero_figuras (id_figura, id_plano) VALUES (2, 2);
INSERT INTO Numero_figuras (id_figura, id_plano) VALUES (1, 2);
INSERT INTO Numero_figuras (id_figura, id_plano) VALUES (1, 3);
INSERT INTO Numero_figuras (id_figura, id_plano) VALUES (2, 3);
INSERT INTO Numero_figuras (id_figura, id_plano) VALUES (3, 3);


