-- MySQL Script generated by MySQL Workbench
-- Thu Dec 20 14:09:25 2018
-- Model: New Model    Version: 1.0
-- MySQL Workbench Forward Engineering

SET @OLD_UNIQUE_CHECKS=@@UNIQUE_CHECKS, UNIQUE_CHECKS=0;
SET @OLD_FOREIGN_KEY_CHECKS=@@FOREIGN_KEY_CHECKS, FOREIGN_KEY_CHECKS=0;
SET @OLD_SQL_MODE=@@SQL_MODE, SQL_MODE='ONLY_FULL_GROUP_BY,STRICT_TRANS_TABLES,NO_ZERO_IN_DATE,NO_ZERO_DATE,ERROR_FOR_DIVISION_BY_ZERO,NO_ENGINE_SUBSTITUTION';

-- -----------------------------------------------------
-- Schema mydb
-- -----------------------------------------------------

-- -----------------------------------------------------
-- Schema mydb
-- -----------------------------------------------------
CREATE SCHEMA IF NOT EXISTS `mydb` DEFAULT CHARACTER SET utf8 ;
USE `mydb` ;

-- -----------------------------------------------------
-- Table `mydb`.`Zonas`
-- -----------------------------------------------------
CREATE TABLE IF NOT EXISTS `mydb`.`Zonas` (
  `Nombre` VARCHAR(45) NOT NULL,
  `Calle` VARCHAR(45) NULL,
  PRIMARY KEY (`Nombre`))
ENGINE = InnoDB;


-- -----------------------------------------------------
-- Table `mydb`.`Unifamiliares`
-- -----------------------------------------------------
CREATE TABLE IF NOT EXISTS `mydb`.`Unifamiliares` (
  `nombre` VARCHAR(45) NOT NULL,
  `DNI` INT NOT NULL,
  `nombre_zona` VARCHAR(45) NULL,
  PRIMARY KEY (`nombre`, `DNI`),
  INDEX `fk_nombrezona_idx` (`nombre_zona` ASC) VISIBLE,
  CONSTRAINT `fk_nombrezona`
    FOREIGN KEY (`nombre_zona`)
    REFERENCES `mydb`.`Zonas` (`Nombre`)
    ON DELETE NO ACTION
    ON UPDATE NO ACTION)
ENGINE = InnoDB;


-- -----------------------------------------------------
-- Table `mydb`.`Piso`
-- -----------------------------------------------------
CREATE TABLE IF NOT EXISTS `mydb`.`Piso` (
  `Número` VARCHAR(45) NOT NULL,
  `DNI` INT NOT NULL,
  `Nombre_zona` VARCHAR(45) NULL,
  `Bloque` VARCHAR(45) NULL,
  PRIMARY KEY (`Número`, `DNI`),
  INDEX `fk_nombrezona_idx` (`Nombre_zona` ASC) VISIBLE,
  CONSTRAINT `fk_nombrezona`
    FOREIGN KEY (`Nombre_zona`)
    REFERENCES `mydb`.`Zonas` (`Nombre`)
    ON DELETE NO ACTION
    ON UPDATE NO ACTION)
ENGINE = InnoDB;


-- -----------------------------------------------------
-- Table `mydb`.`Familia`
-- -----------------------------------------------------
CREATE TABLE IF NOT EXISTS `mydb`.`Familia` (
  `DNI` INT NOT NULL,
  `Nombre` VARCHAR(45) NULL,
  `número_personas` VARCHAR(45) NULL,
  PRIMARY KEY (`DNI`),
  CONSTRAINT `fk_dnicabezapropi`
    FOREIGN KEY (`DNI`)
    REFERENCES `mydb`.`Unifamiliares` (`DNI`)
    ON DELETE NO ACTION
    ON UPDATE NO ACTION,
  CONSTRAINT `fk_dnicabezapiso`
    FOREIGN KEY (`DNI`)
    REFERENCES `mydb`.`Piso` (`DNI`)
    ON DELETE NO ACTION
    ON UPDATE NO ACTION)
ENGINE = InnoDB;


SET SQL_MODE=@OLD_SQL_MODE;
SET FOREIGN_KEY_CHECKS=@OLD_FOREIGN_KEY_CHECKS;
SET UNIQUE_CHECKS=@OLD_UNIQUE_CHECKS;

-- -----------------------------------------------------
-- Data for table `mydb`.`Zonas`
-- -----------------------------------------------------
START TRANSACTION;
USE `mydb`;
INSERT INTO `mydb`.`Zonas` (`Nombre`, `Calle`) VALUES ('Zona1', 'CaminoVerde');
INSERT INTO `mydb`.`Zonas` (`Nombre`, `Calle`) VALUES ('Zona2', 'CaminoAmarillo');
INSERT INTO `mydb`.`Zonas` (`Nombre`, `Calle`) VALUES ('Zona3', 'CaminoAzul');

COMMIT;


-- -----------------------------------------------------
-- Data for table `mydb`.`Unifamiliares`
-- -----------------------------------------------------
START TRANSACTION;
USE `mydb`;
INSERT INTO `mydb`.`Unifamiliares` (`nombre`, `DNI`, `nombre_zona`) VALUES ('Vivienda1', 1111, 'Zona1');
INSERT INTO `mydb`.`Unifamiliares` (`nombre`, `DNI`, `nombre_zona`) VALUES ('Vivienda2', 2222, 'Zona1');
INSERT INTO `mydb`.`Unifamiliares` (`nombre`, `DNI`, `nombre_zona`) VALUES ('Vivienda3', 3333, 'Zona2');

COMMIT;


-- -----------------------------------------------------
-- Data for table `mydb`.`Piso`
-- -----------------------------------------------------
START TRANSACTION;
USE `mydb`;
INSERT INTO `mydb`.`Piso` (`Número`, `DNI`, `Nombre_zona`, `Bloque`) VALUES ('3A', 4444, 'Zona2', '1A');
INSERT INTO `mydb`.`Piso` (`Número`, `DNI`, `Nombre_zona`, `Bloque`) VALUES ('2B', 5555, 'Zona2', '2C');
INSERT INTO `mydb`.`Piso` (`Número`, `DNI`, `Nombre_zona`, `Bloque`) VALUES ('5C', 6666, 'Zona3', '1A');

COMMIT;


-- -----------------------------------------------------
-- Data for table `mydb`.`Familia`
-- -----------------------------------------------------
START TRANSACTION;
USE `mydb`;
INSERT INTO `mydb`.`Familia` (`DNI`, `Nombre`, `número_personas`) VALUES (1111, 'Juan', '4');
INSERT INTO `mydb`.`Familia` (`DNI`, `Nombre`, `número_personas`) VALUES (2222, 'Julia', '2');
INSERT INTO `mydb`.`Familia` (`DNI`, `Nombre`, `número_personas`) VALUES (3333, 'Manuel', '1');
INSERT INTO `mydb`.`Familia` (`DNI`, `Nombre`, `número_personas`) VALUES (4444, 'Sara', '3');
INSERT INTO `mydb`.`Familia` (`DNI`, `Nombre`, `número_personas`) VALUES (5555, 'Sofia', '5');
INSERT INTO `mydb`.`Familia` (`DNI`, `Nombre`, `número_personas`) VALUES (6666, 'Lucia', '1');

COMMIT;

